48°52′33″N,48.8757173,2°23′25″E,2.39030284,3.504,52.657°
48°49′26″N,48.82381764,2°28′19″E,2.47198159,9.4956,112.546°
48°52′37″N,48.87697014,2°25′14″E,2.42061886,5.4927,65.631°
48°51′05″N,48.85134379,2°22′35″E,2.37626084,1.8544,108.419°
48°53′21″N,48.88921912,2°26′37″E,2.44359045,7.6047,61.484°
48°52′17″N,48.87149221,2°18′24″E,2.30663399,3.7236,296.403°
48°49′56″N,48.83213711,2°25′03″E,2.41762342,5.5073,119.602°
48°52′23″N,48.87312452,2°19′44″E,2.32882358,2.5107,317.016°
48°51′10″N,48.85273957,2°28′43″E,2.47862431,9.2606,92.62°
48°48′18″N,48.80492445,2°26′20″E,2.43895528,8.5664,132.123°
48°53′09″N,48.8857088,2°18′48″E,2.31323569,4.3136,318.623°
48°52′06″N,48.86824356,2°20′06″E,2.33490901,1.8105,315.604°
48°49′26″N,48.82397113,2°17′01″E,2.2835887,6.1988,234.172°
48°53′46″N,48.896214,2°17′16″E,2.28775983,6.4526,313.071°
48°52′43″N,48.87857636,2°19′09″E,2.31913318,3.4392,315.27°
48°49′46″N,48.82938012,2°26′07″E,2.4352864,6.7931,116.45°
48°55′59″N,48.93310448,2°21′47″E,2.3629189,8.5436,5.249°
48°49′42″N,48.82829016,2°19′12″E,2.32002232,3.9345,216.816°
48°49′44″N,48.82885111,2°18′13″E,2.30363754,4.71,229.051°
48°53′41″N,48.89479402,2°19′36″E,2.32660737,4.6416,336.201°
48°50′00″N,48.83333374,2°26′52″E,2.44778828,7.4591,110.277°
48°52′50″N,48.88068352,2°16′29″E,2.27473451,6.2696,295.307°
48°50′28″N,48.84123615,2°27′52″E,2.46439504,8.3865,101.726°
48°48′56″N,48.81556149,2°22′53″E,2.38149567,5.0441,154.845°
48°52′39″N,48.87742785,2°14′19″E,2.2386415,8.6266,285.61°
48°51′45″N,48.86253352,2°20′56″E,2.34876163,0.7054,338.966°
48°52′59″N,48.88299637,2°19′20″E,2.32208939,3.6703,323.095°
48°51′23″N,48.85634475,2°26′37″E,2.44355273,6.6838,90.222°
48°47′55″N,48.79860346,2°19′17″E,2.32134567,6.8369,199.322°
48°53′47″N,48.89627921,2°24′49″E,2.41371311,6.3006,45.532°
48°52′00″N,48.86656186,2°15′17″E,2.25460515,7.2282,278.842°
48°53′35″N,48.89291757,2°18′04″E,2.30100666,5.5083,317.162°
48°50′41″N,48.84462665,2°21′58″E,2.36610893,1.6765,142.676°
48°47′21″N,48.78920782,2°21′54″E,2.36490049,7.5546,172.936°
48°49′42″N,48.82845772,2°20′29″E,2.34146374,3.2292,194.119°
48°54′47″N,48.91313203,2°17′36″E,2.29323874,7.6242,325.562°
48°50′12″N,48.83669488,2°24′20″E,2.40550678,4.4856,119.579°
48°48′20″N,48.8054649,2°23′09″E,2.38596914,6.2025,156.511°
48°47′47″N,48.7964735,2°18′48″E,2.31331136,7.2707,203.086°
48°53′01″N,48.88353116,2°18′53″E,2.31459782,4.067,317.418°
48°50′24″N,48.8400523,2°23′04″E,2.38450678,2.9962,127.926°
48°49′19″N,48.82182642,2°25′19″E,2.42185627,6.3998,127.173°
48°48′06″N,48.80172551,2°19′05″E,2.31812875,6.5957,202.252°
48°52′47″N,48.87983997,2°15′43″E,2.26182842,7.1002,291.37°
48°48′44″N,48.81230136,2°21′08″E,2.35233739,4.9287,179.902°
48°49′06″N,48.81845444,2°18′28″E,2.30788658,5.3432,217.423°
48°53′27″N,48.89073605,2°15′59″E,2.26678357,7.3124,301.299°
48°47′51″N,48.79748797,2°15′59″E,2.26648478,9.0919,223.703°
48°56′30″N,48.94156303,2°19′45″E,2.32903923,9.5994,349.838°
48°48′50″N,48.81395042,2°17′37″E,2.29372521,6.3921,222.088°
48°48′41″N,48.81151888,2°24′58″E,2.41612752,6.8592,136.967°
48°50′33″N,48.84245477,2°22′50″E,2.38065153,2.6096,127.11°
48°46′23″N,48.77306696,2°19′26″E,2.32377831,9.5233,192.647°
48°46′55″N,48.78184463,2°22′39″E,2.3775623,8.5209,167.411°
48°52′38″N,48.87720598,2°26′15″E,2.43756743,6.6512,69.825°
48°47′54″N,48.7982041,2°17′04″E,2.28437365,8.1786,217.431°
48°54′22″N,48.90608741,2°23′08″E,2.38568556,6.0226,23.967°
48°53′49″N,48.89682572,2°18′32″E,2.30897318,5.4784,324.742°
48°48′51″N,48.8140463,2°17′31″E,2.29180579,6.4793,223.075°
48°48′49″N,48.81370084,2°20′29″E,2.34133087,4.8392,189.488°
48°52′54″N,48.8817387,2°23′48″E,2.39673569,4.2914,49.351°
48°55′39″N,48.92761257,2°23′25″E,2.39036666,8.3751,19.441°
48°49′38″N,48.82712403,2°15′04″E,2.25123971,8.0872,246.11°
48°50′47″N,48.84629416,2°28′19″E,2.47187095,8.8318,97.423°
48°48′55″N,48.81527968,2°22′02″E,2.36726902,4.7276,166.52°
48°51′35″N,48.85971885,2°23′05″E,2.38469011,2.4009,81.718°
48°52′47″N,48.87961753,2°28′25″E,2.47372279,9.2504,73.897°
48°54′43″N,48.9119723,2°16′41″E,2.2781671,8.2006,318.691°
48°46′29″N,48.77483198,2°18′26″E,2.30730571,9.6729,199.899°
48°55′12″N,48.92006833,2°15′35″E,2.25982678,9.771,316.281°
48°49′52″N,48.83116431,2°21′32″E,2.35892733,2.8729,170.16°
48°55′43″N,48.9286156,2°17′30″E,2.29153195,9.156,331.028°
48°51′21″N,48.85595133,2°21′16″E,2.35448592,0.1813,113.981°
48°49′11″N,48.81973794,2°27′12″E,2.45331016,8.4611,118.959°
48°48′30″N,48.80832088,2°17′13″E,2.28707658,7.1835,221.629°
48°46′59″N,48.78299072,2°21′48″E,2.36340331,8.2297,174.285°
48°52′19″N,48.87207521,2°22′30″E,2.37487192,2.3883,43.933°
48°50′29″N,48.84144055,2°19′02″E,2.3172099,3.0684,236.645°
48°54′27″N,48.90747807,2°24′43″E,2.41193333,7.1471,37.646°
48°48′13″N,48.80358029,2°26′03″E,2.43405537,8.4082,134.521°
48°52′45″N,48.87904608,2°28′54″E,2.48173109,9.7985,75.199°
48°53′08″N,48.88553764,2°22′14″E,2.37052626,3.4847,22.593°
48°46′50″N,48.78068557,2°22′54″E,2.38160085,8.715,165.696°
48°53′19″N,48.88873934,2°22′54″E,2.38169193,4.1732,31.094°
48°52′09″N,48.86912827,2°18′29″E,2.30812136,3.5143,293.349°
48°52′26″N,48.8738329,2°13′56″E,2.23227745,8.9827,282.356°
48°48′38″N,48.81050926,2°14′14″E,2.23728233,9.8546,238.686°
48°51′16″N,48.85437348,2°18′51″E,2.31404043,2.8053,264.918°
48°54′46″N,48.91276921,2°19′30″E,2.32504586,6.5546,342.358°
48°53′57″N,48.89904437,2°17′57″E,2.29907279,6.1146,320.538°
48°52′30″N,48.87490955,2°15′53″E,2.26471835,6.718,287.665°
48°47′21″N,48.78928196,2°22′33″E,2.37584247,7.6863,166.986°
48°51′19″N,48.85529774,2°21′33″E,2.35917532,0.5295,106.048°
48°52′35″N,48.87638243,2°20′00″E,2.33340059,2.5944,327.948°
48°48′22″N,48.8062173,2°18′32″E,2.30885146,6.4424,209.548°
48°53′28″N,48.891173,2°27′33″E,2.45929263,8.7252,63.821°
48°54′43″N,48.91188774,2°25′26″E,2.42394459,8.0818,40.446°
48°50′45″N,48.84575854,2°22′04″E,2.36784315,1.6628,136.556°
48°53′15″N,48.88739835,2°28′08″E,2.46895156,9.2006,68.108°
48°47′22″N,48.78943724,2°20′45″E,2.34587951,7.4862,183.559°
48°53′08″N,48.88556977,2°26′23″E,2.43960127,7.1581,63.228°
48°50′43″N,48.84539157,2°14′59″E,2.24963897,7.611,260.599°
48°53′51″N,48.89747582,2°24′02″E,2.40041773,5.752,37.783°
48°52′39″N,48.87753659,2°20′40″E,2.3445215,2.3944,346.393°
48°53′15″N,48.88745456,2°27′47″E,2.46306515,8.8048,67.029°
48°52′03″N,48.86743292,2°23′54″E,2.39846172,3.5911,70.405°
48°46′57″N,48.78251078,2°17′43″E,2.2953204,9.2358,206.842°
48°51′52″N,48.86436126,2°24′11″E,2.40307926,3.82,76.944°
48°49′04″N,48.81777503,2°17′40″E,2.29436063,6.0502,224.46°
48°52′00″N,48.86656266,2°23′48″E,2.39655976,3.4279,71.15°
48°49′06″N,48.81847033,2°20′16″E,2.33781435,4.3717,193.967°
48°50′18″N,48.83843708,2°25′05″E,2.41812544,5.2303,112.715°
48°51′44″N,48.8621639,2°27′14″E,2.45398226,7.472,85.223°
48°55′06″N,48.9183956,2°20′03″E,2.33415188,6.9977,349.121°
48°55′53″N,48.93133377,2°22′07″E,2.36865456,8.3972,8.221°
48°48′52″N,48.8145788,2°27′44″E,2.46209908,9.3043,120.124°
48°51′03″N,48.85093484,2°22′18″E,2.37176381,1.5635,113.822°
48°54′38″N,48.91045599,2°19′45″E,2.32929001,6.2191,344.362°
48°52′55″N,48.88198909,2°14′27″E,2.24089998,8.6197,289.155°
48°48′36″N,48.80995472,2°22′58″E,2.38265528,5.6478,156.753°
48°48′59″N,48.81642589,2°16′15″E,2.2709618,7.4412,233.11°
48°55′57″N,48.93247185,2°22′07″E,2.36874103,8.5234,8.141°
48°49′56″N,48.83212874,2°21′42″E,2.36156122,2.8079,165.905°
48°51′13″N,48.85364882,2°22′20″E,2.37221402,1.4998,102.696°
48°51′12″N,48.85326952,2°20′17″E,2.33819333,1.092,250.088°
48°48′32″N,48.80881506,2°18′33″E,2.30925052,6.1777,210.632°
48°50′29″N,48.84133956,2°24′49″E,2.41357084,4.8009,110.701°
48°52′20″N,48.87228394,2°21′06″E,2.35172324,1.7433,358.801°
48°47′12″N,48.78659703,2°23′19″E,2.38853395,8.2292,161.133°
48°50′30″N,48.84174393,2°20′11″E,2.33643392,2.0176,214.947°
48°53′23″N,48.88965366,2°20′48″E,2.34676502,3.6965,353.802°
48°52′53″N,48.88148616,2°23′00″E,2.38329788,3.5808,39.403°
48°56′23″N,48.93974013,2°18′32″E,2.30888519,9.7738,341.098°
48°50′20″N,48.83875008,2°19′24″E,2.32320658,2.9083,226.917°
48°49′34″N,48.82598555,2°20′13″E,2.33691109,3.5863,198.217°
48°48′44″N,48.81212027,2°16′55″E,2.2818962,7.1415,226.161°
48°51′18″N,48.85488991,2°21′39″E,2.36082107,0.6579,106.944°
48°47′58″N,48.79937674,2°21′10″E,2.35280727,6.3664,179.614°
48°46′37″N,48.77685111,2°21′36″E,2.36000471,8.89,176.321°
48°54′58″N,48.91619029,2°16′02″E,2.26716031,9.0892,316.839°
48°54′16″N,48.90457867,2°19′59″E,2.33293867,5.5182,345.198°
48°49′43″N,48.82867751,2°15′08″E,2.25212661,7.9587,247.057°
48°55′46″N,48.9293758,2°21′29″E,2.35809479,8.1044,3.035°
48°50′46″N,48.84617632,2°22′23″E,2.37301846,1.9143,127.326°
48°55′06″N,48.91821676,2°20′47″E,2.34630611,6.8655,356.389°
48°48′37″N,48.81039515,2°21′17″E,2.35478099,5.1442,177.912°
48°52′15″N,48.87081828,2°25′11″E,2.41968399,5.1829,72.227°
48°50′10″N,48.83608789,2°17′15″E,2.28758605,5.2531,244.264°
48°49′12″N,48.82004192,2°19′57″E,2.33252604,4.3158,199.525°
48°54′19″N,48.90522353,2°22′09″E,2.36928307,5.5488,12.991°
48°55′03″N,48.91736823,2°19′43″E,2.32871825,6.9727,345.737°
48°54′42″N,48.91159478,2°24′38″E,2.41062802,7.4596,34.914°
48°51′22″N,48.85601704,2°17′34″E,2.29264183,4.3607,269.15°
48°51′59″N,48.86635234,2°17′16″E,2.28783385,4.8344,282.971°
48°54′17″N,48.90476304,2°14′29″E,2.24133601,9.7194,303.478°
48°55′55″N,48.93204955,2°25′24″E,2.42333622,9.8713,31.763°
48°51′18″N,48.8548767,2°21′03″E,2.35082944,0.2185,207.806°
48°50′15″N,48.83762741,2°22′51″E,2.3809138,2.9783,135.149°
48°51′32″N,48.85885788,2°24′16″E,2.40448053,3.8324,86.246°
48°46′54″N,48.78168611,2°23′50″E,2.39728055,8.9635,158.382°
48°49′53″N,48.83145622,2°15′38″E,2.26050566,7.2734,247.408°
48°54′36″N,48.90991738,2°20′17″E,2.33801945,6.0191,350.067°
48°51′53″N,48.86474713,2°22′30″E,2.37503304,1.8986,61.536°
48°54′53″N,48.91472516,2°25′52″E,2.43121785,8.6694,41.763°
48°56′14″N,48.93734394,2°23′19″E,2.38848456,9.3626,16.438°
48°48′23″N,48.80640971,2°24′41″E,2.4112964,7.0633,142.217°
48°48′06″N,48.80159217,2°16′52″E,2.28109799,8.0358,220.423°
48°51′35″N,48.8597697,2°25′37″E,2.42691737,5.4774,86.298°
48°48′35″N,48.80974737,2°27′51″E,2.46405389,9.7063,122.441°
48°52′27″N,48.8740374,2°16′13″E,2.27037987,6.294,287.964°
48°47′06″N,48.7850919,2°24′20″E,2.40565752,8.8655,153.787°
48°46′36″N,48.77678711,2°23′10″E,2.3861292,9.2196,164.361°
48°53′50″N,48.89709904,2°22′30″E,2.37497669,4.8008,20.278°
48°52′48″N,48.88007873,2°16′57″E,2.28253233,5.7279,297.133°
48°51′18″N,48.85502562,2°13′33″E,2.22576416,9.2561,268.954°
48°49′48″N,48.8298892,2°27′21″E,2.45570783,8.1375,111.386°
48°47′44″N,48.79544618,2°15′23″E,2.25638473,9.7742,225.924°
48°52′00″N,48.8665737,2°19′15″E,2.3209435,2.5427,295.839°
48°46′47″N,48.77966435,2°24′25″E,2.40706428,9.4544,154.84°
48°56′03″N,48.93424765,2°23′15″E,2.38746752,9.0113,16.606°
48°53′46″N,48.89605927,2°24′27″E,2.40744887,5.9641,42.619°
48°52′29″N,48.87475009,2°27′33″E,2.45910316,8.0762,75.496°
48°50′35″N,48.84298935,2°27′27″E,2.45742003,7.8473,101.095°
48°55′28″N,48.92442331,2°22′06″E,2.36821603,7.6323,8.809°
48°54′12″N,48.90337237,2°14′14″E,2.23722096,9.8898,301.77°
48°47′30″N,48.79163891,2°26′44″E,2.44567606,9.953,136.526°
48°52′00″N,48.86676034,2°26′42″E,2.44512551,6.8911,80.539°
48°49′45″N,48.82918277,2°18′23″E,2.30637445,4.5357,227.743°
48°49′50″N,48.83061552,2°24′24″E,2.40662598,4.9215,125.964°
48°54′37″N,48.91026849,2°23′24″E,2.39003836,6.5776,24.853°
48°55′44″N,48.92899345,2°24′51″E,2.4140669,9.2339,29.303°
48°50′27″N,48.84075329,2°21′09″E,2.35236527,1.7642,179.659°
48°50′50″N,48.84716974,2°25′37″E,2.42698372,5.5716,100.839°
48°55′11″N,48.91965815,2°15′26″E,2.25717899,9.8735,315.287°
48°51′01″N,48.85041556,2°16′14″E,2.27067246,6.0079,263.441°
48°50′39″N,48.84416776,2°15′07″E,2.25202228,7.4631,259.348°
48°56′30″N,48.94163214,2°18′43″E,2.31202622,9.9025,342.75°
48°54′03″N,48.90077797,2°16′33″E,2.27570739,7.4468,311.301°
48°54′59″N,48.91652165,2°17′17″E,2.28815168,8.146,324.908°
48°50′38″N,48.84398948,2°18′25″E,2.30697245,3.5972,247.041°
48°54′25″N,48.90695942,2°20′00″E,2.33340774,5.7664,346.2°
48°49′46″N,48.82945259,2°27′06″E,2.45172765,7.8855,112.489°
48°48′53″N,48.81472315,2°22′16″E,2.37106065,4.8592,163.504°
48°47′53″N,48.79817593,2°24′58″E,2.41619696,8.012,144.195°
48°46′27″N,48.77413417,2°22′14″E,2.37054056,9.2715,171.673°
48°49′59″N,48.8331442,2°22′51″E,2.3809512,3.3521,141.135°
48°52′14″N,48.87061559,2°16′55″E,2.28191109,5.3752,286.868°
48°50′52″N,48.84766844,2°23′56″E,2.3989123,3.5591,106.217°
48°52′21″N,48.8724507,2°26′36″E,2.44341714,6.9013,75.178°
48°51′03″N,48.85093289,2°15′49″E,2.26360152,6.5164,264.469°
48°53′31″N,48.89182444,2°13′39″E,2.2275704,9.9243,293.289°
48°49′23″N,48.82291705,2°20′50″E,2.34717999,3.7661,185.626°
48°54′16″N,48.90444339,2°25′01″E,2.41707196,7.1276,41.698°
48°49′44″N,48.82891395,2°19′32″E,2.32552049,3.6487,212.401°
48°51′23″N,48.85631075,2°24′10″E,2.4028801,3.7074,90.502°
48°54′39″N,48.91096722,2°24′17″E,2.40464185,7.1588,32.363°
48°53′49″N,48.89698897,2°17′35″E,2.29301596,6.2389,316.06°
48°53′28″N,48.89106783,2°21′56″E,2.36547424,3.9529,14.192°
48°50′42″N,48.84492287,2°16′28″E,2.27443457,5.8398,257.163°
48°51′13″N,48.8536335,2°12′59″E,2.21631493,9.9516,268.142°
48°50′16″N,48.83782488,2°13′54″E,2.23159824,9.073,256.728°
48°53′55″N,48.89869568,2°16′13″E,2.27022388,7.6083,307.997°
48°54′09″N,48.90253595,2°16′21″E,2.27245052,7.7548,311.227°
48°51′12″N,48.85330954,2°25′32″E,2.42567114,5.3878,93.884°
48°49′58″N,48.83277836,2°25′06″E,2.41840915,5.5227,118.663°
48°54′48″N,48.91339949,2°25′36″E,2.42677277,8.3441,40.776°
48°46′34″N,48.7760236,2°23′49″E,2.39690428,9.5425,159.927°
48°53′42″N,48.8951094,2°14′36″E,2.24341385,9.0382,298.318°
48°52′12″N,48.87001258,2°17′12″E,2.28673854,5.0179,287.302°
48°54′23″N,48.90628395,2°22′44″E,2.37897601,5.861,19.495°
48°47′02″N,48.78389036,2°25′02″E,2.41729818,9.3884,149.47°
48°51′29″N,48.8580711,2°17′52″E,2.29784487,3.9826,272.353°
48°50′01″N,48.83365872,2°23′08″E,2.38551461,3.5295,136.322°
48°56′02″N,48.93378154,2°20′18″E,2.33827327,8.6435,353.228°
48°49′55″N,48.83202376,2°24′58″E,2.416141,5.4196,120.285°
48°51′51″N,48.86419219,2°18′52″E,2.31448596,2.8871,286.989°
48°51′02″N,48.85047606,2°24′31″E,2.40857862,4.1806,99.377°
48°53′13″N,48.88707404,2°17′25″E,2.29033931,5.6546,306.833°
48°52′46″N,48.87951059,2°27′49″E,2.46368876,8.5438,72.616°
48°56′09″N,48.9357703,2°22′58″E,2.3826837,9.0817,14.186°
48°54′09″N,48.90242879,2°19′39″E,2.3276346,5.4039,340.569°
48°49′07″N,48.81862412,2°25′22″E,2.42277361,6.6732,129.26°
48°53′43″N,48.89536433,2°19′37″E,2.32690665,4.6911,336.758°
48°48′51″N,48.81424334,2°15′45″E,2.26248884,8.0851,234.38°
48°49′58″N,48.83270356,2°20′55″E,2.3485375,2.6731,185.792°
48°49′56″N,48.8322755,2°19′10″E,2.31951492,3.6139,221.501°
48°55′54″N,48.93172342,2°17′29″E,2.29138289,9.4649,331.986°
48°50′25″N,48.84040923,2°13′14″E,2.22062723,9.799,259.45°
48°54′46″N,48.91288555,2°21′30″E,2.35844603,6.2754,4.158°
48°54′10″N,48.90289841,2°16′57″E,2.28245954,7.2486,315.279°
48°42′16″N,48.70458253,2°50′25″E,2.84028775,39.5667,115.117°
49°04′32″N,49.07547614,1°59′20″E,1.98880217,36.0112,312.668°
48°31′57″N,48.53243278,2°19′03″E,2.31750893,36.1474,184.056°
48°46′30″N,48.77512395,2°32′28″E,2.54102284,16.5337,123.173°
48°41′25″N,48.69039919,2°51′48″E,2.86328191,41.7752,116.074°
48°38′30″N,48.64171212,2°16′56″E,2.28234755,24.4459,192.127°
48°44′06″N,48.7349285,1°49′34″E,1.82607799,40.8572,250.852°
48°45′50″N,48.76379711,2°34′01″E,2.56694653,18.8137,123.199°
48°32′07″N,48.53532202,2°09′39″E,2.16076688,38.4009,201.543°
48°49′12″N,48.82009693,2°25′59″E,2.43340944,7.1988,124.317°
48°44′34″N,48.74274256,2°33′27″E,2.55739839,19.6565,130.039°
49°06′14″N,49.10377838,2°43′01″E,2.71684336,38.2654,43.937°
48°27′41″N,48.46125519,2°26′05″E,2.43467672,44.3896,172.125°
49°00′35″N,49.00967137,2°43′44″E,2.72891388,32.3637,58.121°
48°38′08″N,48.63559261,2°05′39″E,2.09406922,31.0293,217.7°
48°40′09″N,48.6690441,1°43′59″E,1.7331298,49.9553,245.548°
48°41′20″N,48.68879963,2°58′04″E,2.96782886,48.8338,112.24°
48°57′37″N,48.96040228,2°10′08″E,2.16894822,17.6855,310.817°
48°46′52″N,48.78111257,1°51′13″E,1.85360517,37.4698,257.237°
48°47′01″N,48.78352343,1°56′02″E,1.93400151,31.6886,255.292°
49°06′13″N,49.10371717,2°47′42″E,2.79502189,42.4293,49.46°
48°34′37″N,48.57705222,2°22′01″E,2.36686079,31.1132,178.016°
48°46′36″N,48.77667055,2°31′47″E,2.52982564,15.7563,124.289°
48°56′57″N,48.94920784,1°46′26″E,1.7738335,43.5237,283.905°
49°15′25″N,49.25684325,2°07′40″E,2.12779795,47.4262,339.908°
48°52′36″N,48.87670428,2°47′38″E,2.79398818,32.3995,85.879°
49°02′09″N,49.03588173,2°51′22″E,2.85601284,41.8561,61.361°
48°57′28″N,48.95778396,1°58′24″E,1.97347106,29.8884,292.259°
49°11′18″N,49.18841782,1°56′33″E,1.94237727,47.4931,321.147°
48°42′30″N,48.70837892,2°25′52″E,2.4311407,17.4727,160.639°
48°54′36″N,48.90989178,2°59′54″E,2.99827,47.6232,82.609°
49°01′38″N,49.02725265,2°43′32″E,2.72543401,33.2208,55.018°
49°05′47″N,49.09644563,2°47′25″E,2.79027935,41.6453,50.003°
48°41′13″N,48.68686095,2°26′53″E,2.44805632,20.1456,159.555°
48°34′05″N,48.56796148,2°32′42″E,2.54499577,35.0848,156.146°
49°04′21″N,49.07249187,1°45′29″E,1.75803996,49.5895,299.184°
48°41′06″N,48.68499333,2°19′59″E,2.33309933,19.1401,184.207°
48°36′51″N,48.61422697,2°21′26″E,2.35714832,26.9622,179.23°
49°13′13″N,49.22029475,2°07′39″E,2.12748978,43.6438,338.032°
49°08′41″N,49.14471573,2°24′19″E,2.4051773,32.2766,6.856°
49°05′08″N,49.08550305,2°09′55″E,2.16527058,28.8869,331.872°
48°28′25″N,48.4736467,2°21′58″E,2.36618215,42.6084,178.616°
48°48′44″N,48.81234238,2°57′30″E,2.95825536,44.6419,96.105°
48°48′50″N,48.81375538,2°10′10″E,2.16937937,14.2098,250.467°
49°03′06″N,49.05158347,1°50′49″E,1.84684935,42.8103,300.625°
48°35′39″N,48.59423567,2°27′53″E,2.46473647,30.3286,164.162°
48°32′31″N,48.5419914,2°21′38″E,2.36068988,34.9998,178.979°
48°41′57″N,48.69924193,1°58′34″E,1.97599289,32.6622,237.736°
49°05′38″N,49.09385546,2°02′02″E,2.03391072,35.1617,318.75°
48°55′24″N,48.92324713,2°45′09″E,2.75263845,30.2066,75.646°
48°40′25″N,48.67357853,2°05′08″E,2.08563888,28.2214,223.932°
49°02′39″N,49.04424864,2°43′38″E,2.72718291,34.4337,52.552°
48°39′09″N,48.65253028,1°59′26″E,1.99048419,34.9128,229.581°
48°38′21″N,48.63917503,2°26′17″E,2.43792219,24.9883,165.4°
48°41′08″N,48.68567952,2°05′07″E,2.08521191,27.2871,225.933°
49°03′23″N,49.05640475,2°00′59″E,2.01628166,33.1028,312.294°
48°52′54″N,48.88173305,1°52′55″E,1.88189839,34.5232,274.819°
49°02′47″N,49.04652319,2°56′53″E,2.9481444,48.3817,63.889°
48°44′20″N,48.73892032,1°42′57″E,1.715753,48.4345,254.559°
49°07′47″N,49.12981893,2°51′56″E,2.86550637,48.2352,50.758°
49°11′50″N,49.19733148,2°28′55″E,2.4820277,39.0613,13.977°
48°36′34″N,48.60940577,2°23′45″E,2.3958945,27.6821,173.337°
48°50′23″N,48.83965018,1°53′01″E,1.88354069,34.3561,267.028°
48°24′31″N,48.40865177,2°17′58″E,2.29937945,49.9764,184.478°
48°51′28″N,48.85787823,2°07′21″E,2.12254009,16.8087,270.566°
48°46′46″N,48.77954505,2°23′28″E,2.39114673,9.0337,161.59°
48°31′11″N,48.51959938,2°25′50″E,2.43051791,37.9232,171.251°
48°39′35″N,48.65984237,1°48′15″E,1.80428015,45.7518,241.627°
48°39′26″N,48.65732814,2°25′39″E,2.4274685,22.8422,165.994°
48°28′52″N,48.48109809,2°12′44″E,2.21214992,43.0159,193.891°
48°44′11″N,48.73632367,2°41′51″E,2.69754281,28.621,117.74°
48°54′35″N,48.90963645,1°41′20″E,1.6889613,48.8693,277.181°
48°42′24″N,48.70654167,2°21′43″E,2.36192655,16.7071,177.556°
49°09′25″N,49.157064,2°42′07″E,2.7020824,42.0516,37.242°
49°17′38″N,49.29382777,2°20′13″E,2.33687573,48.6425,358.689°
48°47′30″N,48.79169919,2°32′12″E,2.53676926,15.322,118.045°
48°55′17″N,48.92134279,3°01′36″E,3.0265731,49.8402,81.441°
49°07′11″N,49.11963207,1°56′55″E,1.94867799,41.5133,314.957°
49°01′06″N,49.01823595,2°06′33″E,2.10907874,25.2733,315.431°
48°41′01″N,48.68360167,2°23′09″E,2.38590232,19.4013,172.676°
48°32′13″N,48.5368985,2°26′05″E,2.4347675,36.0734,170.298°
48°45′28″N,48.75791558,1°43′07″E,1.71864131,47.6921,256.931°
48°55′04″N,48.91776093,2°41′33″E,2.69247749,25.7976,74.586°
48°57′17″N,48.95461018,2°24′50″E,2.41396808,11.7976,22.474°
48°35′22″N,48.58943309,2°31′01″E,2.51687355,32.0795,157.814°
49°00′59″N,49.01668223,2°27′13″E,2.45369597,19.2858,22.57°
48°46′21″N,48.77246265,2°03′45″E,2.06249156,23.193,246.308°
49°06′19″N,49.10513896,2°35′18″E,2.58839302,32.5781,31.862°
48°33′30″N,48.55832203,2°01′33″E,2.02586641,40.9214,215.952°
48°52′47″N,48.87966978,2°47′23″E,2.78964599,32.1062,85.254°
49°01′08″N,49.01887013,2°05′50″E,2.09727773,25.9356,314.191°
48°52′37″N,48.87703226,1°43′24″E,1.72338015,46.0657,273.063°
48°36′59″N,48.61625313,2°45′47″E,2.76296461,40.2812,131.428°
49°17′16″N,49.28780277,2°24′59″E,2.41674452,48.1894,5.574°
48°58′11″N,48.96982155,2°42′01″E,2.700303,28.3892,63.539°
48°48′43″N,48.81182933,2°59′03″E,2.98410545,46.5297,95.908°
49°09′35″N,49.15986036,1°59′09″E,1.98581192,43.0381,321.739°
49°00′41″N,49.01136327,2°32′10″E,2.53604051,21.8324,37.897°
49°06′29″N,49.10806401,1°54′36″E,1.91013558,42.7037,311.081°
49°13′27″N,49.22422756,2°06′00″E,2.09991384,44.836,335.872°
49°12′33″N,49.20910944,2°01′34″E,2.02614533,45.8538,328.887°
48°58′42″N,48.97843297,2°15′53″E,2.26481793,14.98,334.789°
48°52′14″N,48.87062736,1°58′19″E,1.97198685,27.8656,273.35°
49°08′33″N,49.14261372,2°22′31″E,2.37516584,31.8547,3.004°
48°45′21″N,48.75580874,2°09′08″E,2.15224039,18.4478,232.646°
48°51′31″N,48.85855284,1°58′16″E,1.97121053,27.883,270.587°
48°38′01″N,48.63374721,1°55′27″E,1.92403675,40.009,231.876°
48°49′07″N,48.81860492,2°06′30″E,2.10844183,18.3407,256.765°
48°53′59″N,48.8997994,2°38′20″E,2.63885027,21.5098,76.989°
48°31′34″N,48.52601084,2°23′40″E,2.3945022,36.9026,175.159°
49°09′29″N,49.15807854,2°00′37″E,2.01031973,41.792,323.481°
48°41′30″N,48.69161709,2°49′21″E,2.82242823,39.048,117.856°
48°58′22″N,48.97264857,2°07′59″E,2.13294946,20.5782,308.924°
48°35′26″N,48.59068022,2°05′33″E,2.09260297,35.1822,212.88°
48°45′25″N,48.75705044,2°24′56″E,2.41543988,12.0034,157.283°
48°52′24″N,48.87346817,1°58′11″E,1.96967394,28.0531,273.976°
49°14′05″N,49.23471223,2°16′52″E,2.28112546,42.3727,353.001°
48°48′42″N,48.81162837,2°39′42″E,2.66175565,23.2079,102.334°
48°28′59″N,48.48314226,2°00′22″E,2.00604393,48.7045,211.602°
48°59′26″N,48.99052008,2°11′13″E,2.18691352,19.1777,321.015°
49°00′03″N,49.00071589,2°28′06″E,2.468211,18.1311,27.827°
48°39′50″N,48.6638699,2°07′02″E,2.11731659,27.5,218.867°
49°07′29″N,49.12467019,2°22′36″E,2.37668343,29.8683,3.418°
48°29′24″N,48.49012991,2°17′38″E,2.29389412,40.9872,186.022°
48°34′12″N,48.57009988,2°13′40″E,2.22785226,33.1493,196.029°
48°48′59″N,48.81625354,2°04′35″E,2.0763344,20.6907,257.573°
49°04′26″N,49.07394121,2°19′54″E,2.33179952,24.2185,356.477°
48°31′56″N,48.53227401,2°37′20″E,2.62225404,41.1636,151.107°
48°30′46″N,48.51271051,2°08′05″E,2.13473206,41.4513,202.743°
48°39′37″N,48.66030441,2°15′01″E,2.25020761,23.0805,198.949°
48°47′28″N,48.79117811,1°53′26″E,1.8906428,34.5755,258.022°
49°00′08″N,49.00227826,2°34′47″E,2.57979512,23.2173,45.661°
48°57′45″N,48.96237697,2°15′31″E,2.25873795,13.6046,329.881°
48°33′24″N,48.55668732,2°38′44″E,2.64558808,39.7056,147.048°
48°58′57″N,48.98256997,1°59′48″E,1.99679735,29.5144,298.472°
48°51′02″N,48.85052536,2°43′01″E,2.71697912,26.7034,91.316°
48°30′58″N,48.51602633,2°00′15″E,2.00418508,45.6966,214.135°
48°58′55″N,48.98188915,2°44′58″E,2.74940536,32.2006,64.21°
48°40′26″N,48.67390579,2°09′26″E,2.15721921,24.8469,215.2°
49°11′45″N,49.19588813,2°47′23″E,2.78976893,49.4201,40.054°
48°33′48″N,48.56325703,2°04′42″E,2.07842652,38.3206,211.731°
48°54′21″N,48.90587131,2°52′29″E,2.87477169,38.6124,81.646°
48°52′16″N,48.8711836,2°39′48″E,2.66323737,22.8147,85.81°
48°40′10″N,48.66936759,2°56′05″E,2.93466129,47.5109,115.78°
48°41′45″N,48.69587358,2°48′07″E,2.80198145,37.5024,118.303°
48°43′19″N,48.72199802,1°46′01″E,1.76694933,45.4266,250.976°
48°59′01″N,48.98372737,2°58′01″E,2.96689463,47.0972,72.299°
49°15′38″N,49.26059832,2°15′25″E,2.2570406,45.466,351.259°
48°33′53″N,48.56478376,2°11′48″E,2.19658965,34.4103,199.446°
48°35′28″N,48.59097374,2°52′44″E,2.8787877,48.639,127.208°
49°14′11″N,49.23651475,0°26′28″E,0.44124593,145.5778,287.593°
48°41′23″N,48.68981264,3°35′17″E,3.58798391,92.4639,101.11°
47°33′18″N,47.55487074,2°19′48″E,2.33002731,144.7974,180.659°
49°18′50″N,49.31385295,4°04′59″E,4.08327189,135.9653,67.383°
47°40′06″N,47.66827842,3°14′14″E,3.23709132,147.5201,153.301°
49°08′05″N,49.13469394,0°58′38″E,0.97723494,104.9999,287.649°
49°38′31″N,49.64191152,2°20′21″E,2.33907027,87.3509,359.379°
48°50′25″N,48.84034571,3°54′41″E,3.911291,114.1249,90.321°
48°31′38″N,48.5271152,2°55′59″E,2.93292997,56.2225,130.463°
49°27′08″N,49.4521726,2°22′20″E,2.37225707,66.2578,1.253°
48°55′42″N,48.92833596,1°08′40″E,1.14433701,88.6893,275.615°
48°33′06″N,48.55173194,1°32′50″E,1.54717217,68.1316,240.453°
48°43′22″N,48.72283224,1°20′32″E,1.34229295,75.4867,259.012°
48°25′25″N,48.42363234,3°31′30″E,3.5249078,98.7292,118.754°
48°01′53″N,48.03145936,1°40′56″E,1.68211784,104.2479,208.563°
49°17′42″N,49.29494473,1°37′09″E,1.61911933,72.3179,312.665°
49°08′44″N,49.14543569,3°02′30″E,3.04167013,59.6901,57.18°
49°26′31″N,49.44181091,0°54′40″E,0.9112473,123.3936,302.379°
49°46′28″N,49.77438045,2°56′17″E,2.93814053,110.5664,22.374°
47°56′41″N,47.94463152,3°30′14″E,3.50381957,132.3641,139.593°
47°42′26″N,47.70734126,2°26′07″E,2.43516859,127.9767,177.219°
49°34′30″N,49.5749694,3°47′59″E,3.79985708,132.0801,52.231°
49°22′59″N,49.38311856,4°09′34″E,4.15937841,143.9931,65.322°
48°55′35″N,48.92641979,2°12′45″E,2.21261775,12.8262,307.306°
48°54′49″N,48.9135594,3°11′15″E,3.18762538,61.4279,83.767°
48°01′17″N,48.02140249,0°45′37″E,0.76025303,149.7584,232.26°
48°39′50″N,48.66385425,1°35′14″E,1.58723904,60.0475,249.369°
49°22′54″N,49.3816622,3°13′39″E,3.22743387,86.4264,47.161°
48°19′06″N,48.31828545,3°12′56″E,3.21552649,87.2887,132.986°
48°20′51″N,48.34746676,0°41′40″E,0.69431806,134.4469,245.713°
48°18′03″N,48.30073469,2°53′03″E,2.88419542,73.1785,147.461°
49°54′13″N,49.90358126,2°45′27″E,2.75748561,120.0906,13.991°
49°30′47″N,49.51299407,4°05′01″E,4.08357283,145.504,59.232°
48°42′09″N,48.70245445,3°28′41″E,3.47804226,84.2771,101.315°
49°43′49″N,49.73024289,1°48′15″E,1.80425286,104.9857,337.959°
49°55′17″N,49.92147885,2°41′15″E,2.68763624,120.9044,11.46°
49°58′44″N,49.9787588,2°01′36″E,2.02664594,127.0154,349.435°
48°16′17″N,48.27139214,2°56′17″E,2.93812875,78.0823,146.253°
49°03′09″N,49.05238635,1°07′22″E,1.12274201,92.3995,284.094°
49°07′40″N,49.12782144,2°27′40″E,2.46112132,31.1948,14.719°
49°36′01″N,49.60016007,1°07′49″E,1.13019913,121.3164,313.437°
48°46′56″N,48.78235115,2°42′14″E,2.70398757,27.0534,107.645°
48°34′59″N,48.58319062,3°17′11″E,3.28628698,74.9854,113.575°
47°58′16″N,47.97099385,2°54′41″E,2.91132085,106.8018,157.055°
49°41′15″N,49.68739214,3°00′00″E,2.99988457,103.6704,26.715°
49°14′48″N,49.24674109,1°56′19″E,1.93870277,52.8348,325.369°
49°33′58″N,49.56623656,1°52′58″E,1.88277814,85.9835,336.805°
48°23′01″N,48.38348381,1°57′04″E,1.95110754,60.3251,209.418°
49°01′37″N,49.0269767,2°02′49″E,2.04695759,29.2645,310.468°
49°17′07″N,49.28529591,1°50′21″E,1.83907192,60.5933,322.09°
48°29′10″N,48.48623266,0°38′48″E,0.64664296,131.873,252.439°
48°30′44″N,48.5121855,0°28′38″E,0.47709122,142.9207,255.158°
49°08′28″N,49.14099303,1°10′50″E,1.180563,91.1613,290.743°
49°17′58″N,49.29936823,2°01′03″E,2.01743149,54.9554,333.777°
47°57′27″N,47.95746959,3°11′46″E,3.1960583,117.8271,147.761°
49°05′57″N,49.09927591,1°01′34″E,1.02618796,100.4956,286.079°
48°15′44″N,48.26229805,3°57′04″E,3.95121356,134.9959,118.717°
49°08′34″N,49.14278281,4°13′18″E,4.22163899,140.0742,76.162°
48°22′27″N,48.3742974,0°56′47″E,0.94639419,116.4628,243.102°
49°31′49″N,49.53034867,3°39′49″E,3.66354251,121.2434,51.331°
48°23′48″N,48.39656357,1°01′11″E,1.01982111,110.5112,242.919°
48°37′33″N,48.62583618,1°13′42″E,1.22829185,86.3423,253.128°
47°59′09″N,47.98579816,3°32′10″E,3.53608851,130.4496,137.498°
49°30′34″N,49.50951328,0°54′42″E,0.9116638,127.4421,305.28°
48°15′08″N,48.25214916,4°10′11″E,4.16965408,149.7385,115.995°
48°43′24″N,48.72329726,4°13′10″E,4.21955036,137.6321,95.482°
50°05′38″N,50.09378797,2°43′25″E,2.72372893,140.2007,10.9°
48°29′17″N,48.48793214,0°36′33″E,0.60922382,134.4266,252.895°
47°55′27″N,47.92407192,3°12′30″E,3.20840349,121.4785,148.309°
49°12′59″N,49.21645104,3°41′30″E,3.69170764,105.5522,67.213°
49°50′34″N,49.84268008,1°30′04″E,1.50115921,125.8216,330.975°
48°03′17″N,48.05483366,1°12′41″E,1.21138623,122.6136,223.767°
50°02′15″N,50.03760608,2°38′57″E,2.6491144,133.1,9.17°
48°03′59″N,48.06635188,3°17′49″E,3.29704258,112.169,141.238°
48°55′58″N,48.93273997,4°03′26″E,4.05726005,124.9658,85.473°
48°49′28″N,48.82433179,1°25′12″E,1.41986432,68.3467,267.34°
47°46′44″N,47.7790058,1°20′42″E,1.34494224,141.124,212.242°
48°42′49″N,48.71349583,0°39′24″E,0.6566323,125.2747,263.338°
50°02′07″N,50.03537053,3°17′12″E,3.28664381,147.4949,26.912°
48°32′48″N,48.54663642,0°32′02″E,0.53402647,137.846,256.2°
49°04′11″N,49.06973879,1°38′55″E,1.64861727,56.5851,295.032°
48°17′55″N,48.29857305,3°21′56″E,3.36544422,97.0132,129.395°
48°56′56″N,48.94889983,4°21′40″E,4.36123775,147.2398,85.246°
49°02′39″N,49.04414607,1°47′37″E,1.79356919,45.8279,297.285°
48°11′48″N,48.19656994,2°29′22″E,2.48932341,74.1056,172.116°
47°55′41″N,47.92811205,3°39′02″E,3.65048883,140.9201,136.637°
49°10′47″N,49.17975991,0°57′53″E,0.96461219,107.4085,290.073°
50°09′04″N,50.15112291,2°42′31″E,2.70863007,146.2662,10.002°
48°35′47″N,48.59645258,1°29′27″E,1.49087383,69.507,245.722°
48°21′09″N,48.35262597,2°32′34″E,2.54269017,57.7806,165.898°
49°13′30″N,49.22504325,2°42′20″E,2.70556612,48.4044,32.024°
47°47′01″N,47.78360473,2°00′57″E,2.01589277,121.9113,191.899°
49°26′31″N,49.44196494,1°41′59″E,1.6998565,80.5684,324.155°
49°59′12″N,49.98676151,2°30′13″E,2.50358769,126.1782,4.922°
47°50′19″N,47.83857664,2°49′23″E,2.82309972,118.4612,162.736°
48°43′16″N,48.72112686,2°39′30″E,2.65833934,27.0241,123.778°
48°21′03″N,48.35097071,1°56′48″E,1.94669733,63.6601,208.091°
50°06′53″N,50.11464257,1°50′29″E,1.84127454,144.7135,345.413°
48°52′57″N,48.88262082,3°31′35″E,3.52641017,85.9536,87.629°
49°15′04″N,49.25112075,0°36′19″E,0.60519958,134.6881,289.671°
49°07′51″N,49.13087102,1°53′21″E,1.88906075,45.5309,312.24°
48°49′28″N,48.82448335,1°53′26″E,1.89064084,33.9781,264.136°
48°26′49″N,48.44694953,0°53′11″E,0.88633546,116.9518,247.622°
49°16′16″N,49.27115514,1°56′26″E,1.94043504,55.0137,327.097°
48°24′59″N,48.4167738,4°07′31″E,4.12519403,139.1927,109.91°
49°33′40″N,49.56109538,1°45′47″E,1.76297521,89.2916,331.569°
49°26′45″N,49.44581508,1°49′56″E,1.83232476,75.6653,330.206°
48°03′45″N,48.06247214,2°27′48″E,2.4632844,88.7085,174.66°
47°52′59″N,47.88294572,3°07′45″E,3.12909088,122.5684,151.783°
49°39′15″N,49.65421754,0°54′40″E,0.91118783,137.1605,310.843°
48°54′30″N,48.90827526,3°04′43″E,3.07858172,53.4378,83.554°
48°37′59″N,48.63338625,1°40′09″E,1.66906208,55.9197,243.897°
48°04′37″N,48.0770089,3°06′41″E,3.11147813,103.2191,146.863°
48°33′05″N,48.55152616,1°47′06″E,1.78508923,53.7075,231.029°
49°29′38″N,49.49387274,0°37′57″E,0.63256292,143.7299,300.195°
49°06′46″N,49.11288778,3°56′20″E,3.9387867,119.2625,75.575°
48°01′48″N,48.02998641,3°47′24″E,3.78999162,140.3775,130.376°
49°37′41″N,49.6281354,1°09′37″E,1.16041301,121.8729,315.207°
48°16′56″N,48.28219332,0°32′50″E,0.54718235,147.4102,244.995°
47°58′49″N,47.98035168,3°05′52″E,3.09775895,111.927,150.268°
49°26′13″N,49.43702008,0°31′49″E,0.53021387,147.4397,296.653°
47°50′20″N,47.8388634,2°06′45″E,2.11244889,114.5797,188.989°
48°35′52″N,48.59768807,2°52′19″E,2.87193362,47.7847,126.867°
48°01′23″N,48.02297617,1°24′26″E,1.40717206,116.0162,217.3°
48°18′47″N,48.31296232,0°47′26″E,0.7906437,129.8336,242.83°
49°21′29″N,49.35818568,3°07′37″E,3.12699811,79.3393,45.027°
49°24′20″N,49.40554423,2°25′23″E,2.42298772,61.2723,4.795°
49°44′22″N,49.73952689,1°57′45″E,1.96242407,102.1917,344.086°
48°17′29″N,48.29135029,3°09′26″E,3.15714542,86.3814,136.403°
49°57′03″N,49.95083567,3°03′57″E,3.06576438,132.2087,22.723°
49°36′09″N,49.60251357,2°04′32″E,2.07550871,85.3633,346.487°
48°36′57″N,48.61589862,1°54′39″E,1.91092867,42.0091,230.573°
50°02′26″N,50.04052791,1°43′56″E,1.73213536,139.1059,341.431°
49°04′58″N,49.08264373,3°37′06″E,3.61838137,95.8053,74.31°
48°42′33″N,48.70920449,0°42′55″E,0.71516831,121.0899,262.835°
48°50′06″N,48.83493821,2°53′55″E,2.89854411,40.0615,93.244°
49°56′18″N,49.93837445,3°31′12″E,3.51991928,147.0387,34.646°
47°48′22″N,47.80607919,1°33′07″E,1.55193246,130.9762,207.16°
49°24′22″N,49.40616822,1°08′11″E,1.1363047,107.5485,305.093°
49°54′20″N,49.9056344,2°19′44″E,2.32886254,116.6909,359.178°
48°47′12″N,48.78673844,1°46′26″E,1.77392623,43.0568,259.819°
48°44′50″N,48.7471648,2°05′33″E,2.0924017,22.5946,237.497°
48°09′51″N,48.16424532,3°17′12″E,3.28674443,103.3052,137.847°
48°50′28″N,48.84115666,3°02′16″E,3.03769627,50.2006,91.705°
49°53′07″N,49.88541637,1°32′14″E,1.53730057,128.7525,333.024°
49°49′57″N,49.83258057,1°55′29″E,1.92470059,112.8868,344.234°
48°44′01″N,48.73371176,1°26′55″E,1.44871937,67.5964,258.673°
49°05′08″N,49.08562859,0°20′08″E,0.33565841,149.4184,280.575°
48°41′55″N,48.69874348,1°34′10″E,1.56938703,60.0052,253.279°
48°42′42″N,48.71164232,0°53′36″E,0.89325428,108.1303,261.973°
47°42′02″N,47.70056215,3°07′03″E,3.11749918,140.5065,155.938°
48°55′43″N,48.92855583,0°47′56″E,0.79878544,113.8796,274.614°
48°22′21″N,48.37250458,2°07′26″E,2.12391233,56.4022,197.403°
47°52′26″N,47.87380051,3°18′27″E,3.30761139,130.1284,146.786°
49°28′49″N,49.4802611,3°09′53″E,3.16467735,91.1178,40.117°
48°58′52″N,48.98102397,3°23′16″E,3.38770025,76.937,79.249°
48°34′32″N,48.57564152,1°29′04″E,1.48449506,70.9337,244.186°
47°49′33″N,47.8257374,3°26′16″E,3.43776887,139.954,144.603°
49°28′03″N,49.46763395,1°40′15″E,1.67094781,84.1068,324.161°
48°55′19″N,48.92181443,4°03′29″E,4.05815174,124.968,86.031°
47°58′52″N,47.98122879,0°59′45″E,0.99573592,139.6628,226.312°
48°00′29″N,48.00804853,1°10′02″E,1.16709467,128.6731,223.265°
49°04′08″N,49.0690024,2°31′59″E,2.53338108,27.0752,29.181°
49°17′13″N,49.28701359,2°26′59″E,2.44960611,48.3948,8.395°
48°53′41″N,48.89470376,1°55′45″E,1.92904374,31.2453,277.952°
49°18′21″N,49.30574421,1°49′40″E,1.82791219,62.8847,322.795°
49°47′12″N,49.78653839,1°39′19″E,1.65522826,115.1142,334.226°
48°15′04″N,48.25105162,3°26′05″E,3.43468539,104.3423,129.797°
49°27′48″N,49.46331201,3°34′42″E,3.57826583,111.8294,52.423°
47°41′48″N,47.6966802,2°28′17″E,2.47135203,129.3161,176.045°
47°57′44″N,47.96234678,3°06′49″E,3.11365413,114.2526,150.239°
49°08′15″N,49.1376305,0°29′08″E,0.48562423,139.7515,283.627°
48°54′42″N,48.91158547,1°52′54″E,1.88175713,34.949,280.253°
48°03′12″N,48.05343973,1°01′32″E,1.02562756,132.498,228.105°
47°49′19″N,47.82188427,1°03′04″E,1.0511808,149.9896,220.376°
48°12′00″N,48.20011404,2°21′55″E,2.36528253,73.0264,179.24°
49°25′10″N,49.41955396,2°38′54″E,2.64830394,66.2168,18.877°
48°04′01″N,48.06695565,2°22′23″E,2.37313919,87.8443,178.986°
49°07′55″N,49.13192073,2°22′15″E,2.37088714,30.6516,2.54°
49°17′14″N,49.28711249,2°01′58″E,2.03272138,53.2422,334.192°
49°12′38″N,49.21044491,3°26′02″E,3.43389885,88.1496,63.076°
49°32′50″N,49.54731758,3°21′00″E,3.34989076,105.6343,42.967°
48°37′09″N,48.61906816,4°15′05″E,4.2513014,141.7851,100.025°
48°43′41″N,48.72797504,2°05′07″E,2.08528147,24.2345,233.915°
49°32′05″N,49.5348098,3°19′59″E,3.33309854,103.7912,43.014°
49°23′02″N,49.3840143,2°05′24″E,2.08999486,61.6883,342.074°
49°07′39″N,49.12757989,0°36′43″E,0.61207834,130.524,284.006°
49°00′38″N,49.01065087,2°42′55″E,2.7154006,31.587,57.016°
47°38′04″N,47.63431439,1°37′30″E,1.62503974,146.2311,201.885°
49°23′35″N,49.39313437,3°41′09″E,3.68586409,113.9461,57.916°
49°54′46″N,49.9126986,1°09′18″E,1.15510844,145.9785,324.029°
49°06′40″N,49.11116439,1°26′57″E,1.4490295,71.7499,293.581°
49°13′26″N,49.2238223,0°33′38″E,0.56054641,136.8668,288.037°
49°14′25″N,49.2402132,2°49′20″E,2.82231052,54.7246,38.594°
47°47′02″N,47.78379544,1°12′26″E,1.20728016,146.3165,215.791°
49°39′03″N,49.65088257,2°32′17″E,2.53800684,89.3671,8.61°
49°06′16″N,49.10445517,3°35′18″E,3.58837384,94.3539,72.547°
48°48′52″N,48.81456875,3°24′27″E,3.40746542,77.3968,93.067°
49°24′44″N,49.41225894,2°38′49″E,2.64700957,65.4197,19.032°
49°42′51″N,49.71416489,1°46′57″E,1.78244879,103.954,336.784°
49°46′52″N,49.78119893,1°01′53″E,1.03140983,140.5165,317.54°
48°40′11″N,48.66963823,2°03′20″E,2.05555502,30.0931,226.396°
49°01′29″N,49.0245905,3°28′44″E,3.47899978,84.4128,76.788°
49°25′30″N,49.42495317,2°05′27″E,2.09084864,66.0132,343.354°
49°33′59″N,49.56631872,3°46′29″E,3.77465438,130.0478,52.092°
49°09′41″N,49.16143025,1°23′30″E,1.39170157,77.8471,296.18°
49°57′23″N,49.95637196,1°46′49″E,1.78029826,129.1345,341.522°
49°26′28″N,49.44108243,3°11′37″E,3.19360523,89.291,42.96°
48°42′58″N,48.71610928,2°39′43″E,2.66197763,27.5593,124.429°
48°58′06″N,48.9683798,1°50′01″E,1.83352299,39.9022,288.348°
48°53′35″N,48.89295307,0°19′09″E,0.3191221,148.7804,272.322°
47°54′04″N,47.9011209,1°52′31″E,1.8752454,111.9648,198.522°
48°18′03″N,48.30093531,2°50′47″E,2.8464574,71.7122,149.34°
48°39′05″N,48.65152106,3°45′42″E,3.76173018,105.8458,101.915°
47°56′35″N,47.94297986,1°33′18″E,1.55511477,117.4358,210.38°
48°20′26″N,48.34050799,3°05′01″E,3.08372027,78.6789,136.578°
47°40′47″N,47.67965611,1°34′59″E,1.58305071,142.7568,203.798°
48°56′54″N,48.94836624,0°56′55″E,0.94850559,103.1356,276.207°
50°04′42″N,50.07833501,2°03′29″E,2.05815522,137.5396,351.221°
49°33′03″N,49.55093595,3°09′59″E,3.16661967,97.2958,37.158°
48°10′29″N,48.17465255,3°05′06″E,3.0851128,93.1081,144.278°
47°48′45″N,47.81258678,2°38′20″E,2.63879412,118.0404,169.552°
49°08′51″N,49.14762932,2°07′30″E,2.1249573,36.3692,332.959°
48°43′43″N,48.72864043,4°13′33″E,4.22586569,138.0224,95.214°
49°03′07″N,49.05195192,0°39′53″E,0.66484398,125.1403,280.634°
48°55′02″N,48.91730429,1°56′43″E,1.94532837,30.5147,282.934°
49°18′11″N,49.30308936,1°03′57″E,1.06573905,106.0665,298.402°
48°51′02″N,48.85058355,3°43′42″E,3.72826258,100.7068,89.863°
48°59′37″N,48.99350556,2°13′32″E,2.22552651,17.8202,328.744°
48°03′20″N,48.05555497,1°33′34″E,1.55938259,106.5768,213.578°
49°03′47″N,49.06319019,0°54′17″E,0.90473393,108.1761,282.808°
49°11′20″N,49.18882822,2°24′50″E,2.41387191,37.2235,6.915°
49°34′59″N,49.58307802,1°53′13″E,1.88692921,87.5871,337.474°
48°24′57″N,48.41576573,4°06′01″E,4.10016867,137.5134,110.232°
47°46′08″N,47.76882733,2°06′16″E,2.10436061,122.3716,188.71°
48°38′32″N,48.64226788,3°53′43″E,3.89531319,115.6481,101.316°
48°51′15″N,48.85428451,2°16′55″E,2.28197966,5.147,267.141°
48°12′21″N,48.20574602,3°02′07″E,3.03530183,88.1592,144.945°
49°40′14″N,49.67054371,1°50′38″E,1.84395156,97.7582,338.021°
50°01′35″N,50.02636454,2°26′12″E,2.43654675,130.2498,2.652°
48°59′50″N,48.99710015,2°03′25″E,2.05706368,26.6348,306.032°
48°47′49″N,48.79688095,3°32′53″E,3.54802781,87.8131,93.889°
49°24′34″N,49.40948711,2°13′40″E,2.22785089,62.1565,351.674°
48°49′01″N,48.81701178,3°51′55″E,3.86532135,110.8594,91.707°
48°43′06″N,48.7183792,0°52′14″E,0.87062283,109.6557,262.498°
49°02′50″N,49.04725291,3°30′22″E,3.50613829,86.909,75.444°
49°43′06″N,49.71830458,2°41′09″E,2.68590942,98.8525,14.049°
49°32′29″N,49.54147232,2°52′37″E,2.87687712,85.1847,26.393°
49°37′59″N,49.63328838,2°37′52″E,2.63124199,88.7304,13.093°
48°46′45″N,48.7791757,3°11′51″E,3.19762316,62.5109,97.601°
48°42′19″N,48.70519235,1°48′57″E,1.81586461,42.7663,247.01°
47°41′28″N,47.69114354,2°23′44″E,2.39563492,129.6708,178.564°
49°43′50″N,49.73046177,1°55′18″E,1.92179136,102.0864,342.354°
47°59′28″N,47.99099887,2°24′19″E,2.40538687,96.3591,177.646°
48°46′39″N,48.77750731,4°01′06″E,4.01827472,122.3338,93.497°
49°52′35″N,49.87650068,3°14′23″E,3.23966166,130.382,29.202°
47°48′40″N,47.81123097,3°25′39″E,3.42739638,140.8511,145.236°
47°43′49″N,47.73034438,1°27′50″E,1.46399684,141.4651,208.018°
48°32′26″N,48.54049298,1°23′01″E,1.38354165,79.3293,244.055°
48°08′13″N,48.13685724,2°30′57″E,2.51572631,80.9578,171.378°
48°27′57″N,48.4657411,0°51′59″E,0.86641316,117.4933,248.842°
48°36′40″N,48.61115777,2°18′24″E,2.30665698,27.5051,186.997°
49°36′25″N,49.60683172,0°48′34″E,0.80955847,139.6984,307.259°
48°22′59″N,48.38327306,1°14′27″E,1.24095438,97.1987,237.622°
48°24′59″N,48.4163646,1°07′16″E,1.12120233,102.8811,242.042°
49°00′08″N,49.00226643,0°51′44″E,0.86212708,110.0844,279.024°
49°35′15″N,49.58759937,2°25′12″E,2.4198808,81.4532,3.434°
48°13′37″N,48.22686125,1°07′32″E,1.12553143,114.3061,232.671°
48°49′10″N,48.81948145,3°48′38″E,3.81059738,106.843,91.666°
49°58′31″N,49.9752358,1°38′29″E,1.64126567,134.6346,337.806°
47°36′55″N,47.61539185,1°54′43″E,1.91181594,141.8588,193.461°
48°46′13″N,48.77014535,3°59′50″E,3.99710585,120.8588,93.945°
48°38′09″N,48.63585755,3°04′47″E,3.07971987,58.7345,114.438°
48°18′25″N,48.30682605,3°23′56″E,3.39875192,98.331,128.06°
48°29′17″N,48.48805603,1°48′56″E,1.81554366,56.8707,224.08°
49°02′01″N,49.03347371,1°48′35″E,1.80982888,44.2369,296.607°
49°45′29″N,49.7581199,3°18′22″E,3.30601366,121.8115,34.238°
48°51′27″N,48.85745067,3°30′24″E,3.50657156,84.4748,89.502°
48°54′14″N,48.90397118,3°47′32″E,3.79226995,105.4641,86.595°
48°08′52″N,48.14791093,3°46′40″E,3.77788915,131.3465,126.343°
47°52′01″N,47.86681913,2°56′51″E,2.94759188,118.5569,157.993°
47°52′18″N,47.87154761,3°12′05″E,3.20144828,126.2632,149.879°
47°48′20″N,47.80555691,1°29′58″E,1.49939582,132.8277,208.663°
47°47′54″N,47.79841363,2°11′43″E,2.19534364,118.27,185.688°
50°09′19″N,50.15521411,2°08′22″E,2.13938772,145.254,354.006°
49°37′29″N,49.62476125,0°41′39″E,0.69406649,147.6378,305.984°
48°04′27″N,48.07405443,3°17′24″E,3.29011087,111.1769,141.174°
49°59′29″N,49.99144284,2°19′02″E,2.31717118,126.2483,358.862°
48°09′50″N,48.16396549,2°40′08″E,2.6689037,80.497,163.03°
47°43′41″N,47.72807922,1°14′34″E,1.24280287,149.9837,213.602°
48°11′52″N,48.19767423,1°35′50″E,1.59710356,92.0074,217.479°
48°13′41″N,48.22810878,2°34′28″E,2.57457128,71.7981,166.734°
48°48′34″N,48.8093374,2°38′59″E,2.6500542,22.431,103.446°
48°36′18″N,48.60507034,4°15′51″E,4.26411378,143.0241,100.561°
49°41′28″N,49.6910055,1°40′52″E,1.68117209,104.8056,332.567°
48°16′45″N,48.27906458,0°42′05″E,0.70150495,137.4291,242.754°
48°26′23″N,48.43970552,2°46′37″E,2.77703884,55.9,145.891°
48°06′42″N,48.11164631,3°55′17″E,3.92139007,142.2935,125.023°
48°40′11″N,48.6696843,2°08′01″E,2.13356704,26.2542,217.716°
47°32′04″N,47.5345792,1°58′13″E,1.9703012,149.7461,191.043°
48°01′17″N,48.02130137,2°20′29″E,2.34138313,92.9122,180.497°
48°02′10″N,48.0360197,3°31′26″E,3.52383899,125.7049,136.118°
48°50′16″N,48.83767329,2°41′53″E,2.69793502,25.3919,94.629°
48°00′35″N,48.0095871,1°51′31″E,1.85864537,101.0074,201.323°
49°22′45″N,49.37919889,1°52′27″E,1.8740961,67.7495,329.266°
49°04′43″N,49.07853017,3°16′37″E,3.2770386,71.8978,69.573°
49°30′37″N,49.51037968,2°11′14″E,2.18714487,73.6996,350.691°
49°44′29″N,49.74145787,1°39′49″E,1.66367009,110.3631,333.355°
49°13′16″N,49.22114997,1°57′08″E,1.95208513,49.9517,324.413°
48°25′23″N,48.42313981,0°56′15″E,0.9373709,114.6186,245.657°
48°05′39″N,48.09420665,1°51′04″E,1.85107636,92.5008,203.734°
49°00′17″N,49.00472521,4°00′17″E,4.00484175,121.8771,81.609°
48°09′54″N,48.1649179,2°10′02″E,2.16725199,78.1327,190.115°
49°24′39″N,49.41079188,4°10′19″E,4.17196969,146.0688,64.355°
49°39′45″N,49.66262237,3°33′36″E,3.5600749,125.3938,43.907°
49°32′49″N,49.54700604,1°21′52″E,1.36443481,105.1175,317.301°
49°53′10″N,49.88613938,1°12′05″E,1.20149266,141.6242,324.388°
49°59′19″N,49.98872138,1°33′47″E,1.56313883,138.2555,335.91°
49°04′07″N,49.06867395,0°59′32″E,0.99234618,102.067,283.873°
49°05′24″N,49.08986236,2°22′49″E,2.38033534,26.0244,4.513°
50°12′09″N,50.20241799,2°21′38″E,2.36058736,149.69,0.228°
48°05′36″N,48.09321932,2°34′13″E,2.57023745,86.4179,169.197°
48°47′38″N,48.79377529,3°45′39″E,3.76074257,103.3765,93.346°
48°47′10″N,48.78600032,3°15′58″E,3.2662217,67.3933,96.348°
49°32′28″N,49.54115641,3°00′34″E,3.00949141,89.8831,31.856°
50°01′04″N,50.01781401,2°47′36″E,2.79334402,133.0378,13.709°
48°59′52″N,48.99775596,1°36′57″E,1.61576453,56.0612,286.539°
49°15′05″N,49.25148716,3°08′56″E,3.14894595,72.8118,52.6°
49°10′26″N,49.17375816,1°06′40″E,1.11099253,97.1732,291.753°
48°58′27″N,48.97409985,2°42′14″E,2.70387337,28.8349,62.919°
50°07′42″N,50.12820734,2°51′26″E,2.85731867,146.0654,14.276°
49°50′14″N,49.83709891,1°22′29″E,1.37464698,130.0395,327.364°
48°41′12″N,48.68666662,1°23′27″E,1.39087946,72.9617,255.347°
47°58′17″N,47.97141901,3°08′13″E,3.13699028,114.2366,149.232°
47°45′09″N,47.75255062,1°23′38″E,1.39392961,141.7952,210.359°
48°18′59″N,48.31649977,3°45′21″E,3.75575986,119.4654,119.661°
47°58′37″N,47.97705033,0°55′05″E,0.9179553,144.1527,227.801°
48°34′42″N,48.57830134,0°29′26″E,0.49054959,140.0763,257.934°
48°26′32″N,48.44234125,2°43′36″E,2.72676405,53.6718,149.009°
50°00′26″N,50.00722791,1°36′41″E,1.61127845,138.7466,337.557°
48°56′28″N,48.94098234,2°26′46″E,2.44606864,11.6252,36.141°
47°56′27″N,47.94082117,2°18′19″E,2.30535542,101.919,181.964°
49°44′02″N,49.73384229,1°28′06″E,1.46832183,116.7496,327.024°
49°34′45″N,49.57920597,2°47′59″E,2.79962824,86.6949,21.851°
50°07′35″N,50.12646541,2°32′04″E,2.53454913,141.8537,5.259°
48°54′09″N,48.90243495,1°52′54″E,1.88175166,34.7889,278.601°
47°44′22″N,47.73944256,2°41′35″E,2.69301577,126.7913,168.401°
48°42′44″N,48.71235046,2°23′35″E,2.39301381,16.322,169.431°
49°57′14″N,49.953892,1°15′29″E,1.2579204,145.4885,327.433°
49°41′07″N,49.68523321,0°48′53″E,0.81459712,144.7244,310.135°
48°08′06″N,48.13487647,0°48′26″E,0.80732345,139.3173,235.397°
48°29′09″N,48.48593669,3°39′59″E,3.66658001,104.9748,112.631°
49°19′50″N,49.33051581,2°29′52″E,2.49764992,53.764,11.307°
49°29′18″N,49.48830013,1°42′07″E,1.7018689,84.6931,326.301°
49°47′22″N,49.78943365,1°40′30″E,1.67500645,114.7825,334.933°
49°51′10″N,49.85270296,1°33′46″E,1.56266015,124.6857,332.991°
48°24′25″N,48.40681149,1°39′53″E,1.66468893,71.1139,225.549°
47°55′35″N,47.92627269,2°00′20″E,2.00561921,106.5976,194.025°
49°59′36″N,49.99326894,2°05′04″E,2.0845584,127.9001,351.393°
48°02′16″N,48.0378111,0°44′25″E,0.74019668,149.7903,233.162°
48°00′40″N,48.01099429,1°08′53″E,1.14794582,129.3976,223.829°
49°13′54″N,49.23160254,1°32′16″E,1.53768565,72.5677,305.389°
50°05′56″N,50.09890588,2°51′48″E,2.86321325,143.0242,14.769°
48°32′15″N,48.53751994,2°46′33″E,2.77592611,47.1933,138.609°
47°38′12″N,47.63670241,2°09′41″E,2.16134755,136.4207,186.02°
48°01′56″N,48.03230789,2°51′33″E,2.85905303,99.0166,157.621°
48°17′42″N,48.29501429,3°29′42″E,3.4949265,104.7517,126.176°
48°52′00″N,48.86662905,3°10′12″E,3.17010769,59.8577,88.626°
49°06′10″N,49.10291114,1°57′59″E,1.96657015,39.2816,314.363°
48°38′36″N,48.64320558,3°29′16″E,3.48767463,86.5865,105.483°
48°03′50″N,48.06399307,3°42′20″E,3.70548393,133.1696,130.944°
48°48′11″N,48.80312337,2°04′18″E,2.0717369,21.3815,253.949°
48°52′52″N,48.88113961,3°47′11″E,3.78646773,104.9675,87.971°
47°43′18″N,47.72157539,3°07′21″E,3.12257778,138.5203,155.408°
48°07′26″N,48.12387443,2°43′02″E,2.71726421,85.8271,161.591°
48°02′32″N,48.04223869,2°53′29″E,2.89127954,98.9249,156.094°
48°57′16″N,48.9543206,0°52′52″E,0.88105678,108.1019,276.324°
47°51′52″N,47.86441441,3°10′20″E,3.17211216,125.8969,150.924°
49°05′52″N,49.09779247,1°54′22″E,1.90604286,42.1971,309.641°
48°37′04″N,48.61767949,2°48′07″E,2.80181689,42.3551,128.693°
49°01′05″N,49.01815774,0°32′25″E,0.54039212,133.5877,278.412°
49°14′27″N,49.2408044,3°51′47″E,3.86295544,118.1289,68.224°
48°25′16″N,48.42113434,3°52′04″E,3.86789748,121.4718,112.929°
48°49′51″N,48.83079549,4°00′37″E,4.01016279,121.3924,90.731°
49°20′44″N,49.34542638,0°54′10″E,0.90274569,118.7314,297.798°
48°55′31″N,48.92523276,2°57′46″E,2.96266545,45.2897,80.068°
47°37′04″N,47.61788737,2°42′57″E,2.71582352,140.3869,168.802°
49°00′18″N,49.00505477,4°17′08″E,4.2856377,142.2366,82.606°
48°59′40″N,48.99449473,3°25′44″E,3.42876804,80.1541,78.564°
50°02′04″N,50.03433029,1°29′45″E,1.49581313,144.8932,335.02°
48°47′14″N,48.78728694,2°17′35″E,2.292985,8.8475,209.383°
49°09′43″N,49.16186123,0°24′14″E,0.4039889,146.1322,284.168°
48°46′23″N,48.77295494,0°54′09″E,0.90253752,106.5831,265.537°
48°32′13″N,48.53704895,2°09′35″E,2.15980307,38.2482,201.747°
49°21′08″N,49.35225108,1°58′33″E,1.97592526,61.562,333.713°
48°58′12″N,48.96990933,3°07′27″E,3.12411861,57.8139,77.12°
48°18′37″N,48.31032728,2°48′25″E,2.80688829,69.362,150.993°
49°31′13″N,49.52033727,3°43′35″E,3.72649546,124.2155,53.019°
49°17′53″N,49.29802098,3°44′24″E,3.74011366,112.4048,63.579°
49°51′17″N,49.85472489,3°02′27″E,3.04095014,121.7128,23.941°
49°45′05″N,49.75130291,2°28′14″E,2.47056613,99.8823,4.885°
49°33′48″N,49.56334613,1°56′19″E,1.9386125,84.1563,339.233°
49°07′10″N,49.11937814,3°22′04″E,3.36766025,79.6689,68.096°
48°30′25″N,48.5068096,2°37′28″E,2.62439303,43.741,152.708°
48°27′37″N,48.46033399,0°33′07″E,0.55192572,139.4145,252.247°
48°18′22″N,48.30598413,2°56′03″E,2.93413295,74.7277,144.823°
47°54′07″N,47.90194391,1°05′25″E,1.09019909,141.3026,221.757°
47°36′59″N,47.6163557,3°08′45″E,3.1457584,149.9511,156.622°
48°36′08″N,48.6023365,4°04′50″E,4.08065557,129.9217,101.922°
48°52′27″N,48.87421528,2°14′40″E,2.24437748,8.13,283.975°
47°57′11″N,47.95295169,2°28′21″E,2.47246452,100.9023,174.907°
48°09′18″N,48.15488995,2°01′01″E,2.0168545,81.8692,197.696°
49°01′22″N,49.02278851,0°24′56″E,0.41553813,142.6908,278.172°
49°31′32″N,49.52545839,3°05′38″E,3.0939361,91.8752,35.652°
49°02′59″N,49.04966332,3°35′02″E,3.58376222,92.4774,76.11°
48°04′43″N,48.07861926,2°21′58″E,2.3661777,86.5396,179.313°
48°17′16″N,48.28766487,2°07′55″E,2.13199864,65.3246,194.448°
48°20′03″N,48.33416338,0°28′45″E,0.47915904,149.5334,247.837°
49°20′48″N,49.34659251,1°03′32″E,1.0588527,108.8143,300.543°
48°37′14″N,48.62043771,1°31′08″E,1.51890958,66.5313,247.058°
47°46′57″N,47.78261381,1°57′59″E,1.96670078,122.8126,193.569°
49°07′36″N,49.12657294,0°54′34″E,0.90941323,109.4964,286.459°
48°05′26″N,48.09049401,1°13′38″E,1.22733761,118.9158,224.651°
48°30′04″N,48.50101551,4°18′03″E,4.30094704,148.4752,104.716°
49°02′54″N,49.04834866,2°55′37″E,2.92697171,47.0862,62.853°
48°13′12″N,48.21989951,1°42′56″E,1.71548876,84.9362,213.749°
49°50′29″N,49.84128076,1°59′25″E,1.99035763,112.6154,346.673°
48°36′36″N,48.60995671,1°47′51″E,1.79747904,49.08,236.224°
49°55′36″N,49.92674776,3°25′52″E,3.43115807,142.3644,32.866°
49°23′22″N,49.38954105,0°41′17″E,0.68794209,134.864,296.7°
47°55′28″N,47.92455818,3°33′54″E,3.56488838,136.9984,138.719°
48°14′08″N,48.23549551,1°39′22″E,1.6562273,86.0174,216.83°
49°40′54″N,49.68163797,1°22′21″E,1.37260801,116.0813,322.603°
49°40′54″N,49.68170398,3°06′20″E,3.10553259,106.8214,30.499°
48°38′41″N,48.64485944,2°04′25″E,2.07364753,31.1783,221.043°
49°41′40″N,49.6945262,2°46′03″E,2.76743225,97.9469,17.759°
49°51′26″N,49.85733413,2°32′13″E,2.53682722,112.1069,6.782°
49°42′18″N,49.70512629,2°50′07″E,2.83524134,100.6737,20.19°
48°49′15″N,48.82080436,3°44′17″E,3.73806075,101.5299,91.726°
49°23′22″N,49.38947631,3°39′53″E,3.66472149,112.426,57.691°
48°43′03″N,48.71756277,3°51′25″E,3.85680904,111.3373,97.418°
49°22′50″N,49.38060573,3°15′02″E,3.25050035,87.5938,47.952°
49°26′01″N,49.43356462,2°54′17″E,2.90485411,75.7278,31.861°
48°58′30″N,48.97499121,0°51′33″E,0.85910321,109.928,277.441°
48°22′29″N,48.37476307,2°38′24″E,2.64002586,57.6214,158.344°
49°55′44″N,49.92880284,3°02′51″E,3.04743381,129.4393,22.618°
48°48′47″N,48.81304384,0°29′48″E,0.4965793,135.9396,268.656°
49°29′22″N,49.48954921,0°47′35″E,0.7930019,133.4555,302.424°
48°43′30″N,48.72497539,1°15′24″E,1.25673449,81.5977,260.075°
49°07′44″N,49.12875075,0°35′17″E,0.5879503,132.2661,283.894°
49°38′55″N,49.64855017,3°27′04″E,3.45108416,118.8388,41.752°
49°58′37″N,49.97681876,2°00′29″E,2.00809854,127.0596,348.829°
48°16′48″N,48.27993972,1°56′27″E,1.94096335,70.9246,205.418°
49°25′59″N,49.43341187,2°42′17″E,2.70481235,69.0939,21.662°
47°59′59″N,47.99959294,0°50′38″E,0.84375008,146.5608,229.996°
49°21′27″N,49.35745651,2°47′05″E,2.78471749,63.9918,29.317°
49°22′49″N,49.38028012,0°50′21″E,0.83907817,124.6007,298.439°
48°51′19″N,48.85536807,0°38′57″E,0.64925387,124.6237,270.578°
49°49′17″N,49.82140724,1°03′59″E,1.06634873,142.1227,319.514°
48°08′55″N,48.14855595,1°22′43″E,1.37865348,106.5356,222.7°
48°38′38″N,48.64378422,2°04′23″E,2.07305906,31.2971,220.96°
48°26′03″N,48.43408699,3°48′43″E,3.81181604,117.1054,113.111°
47°39′49″N,47.66353387,2°28′46″E,2.47932955,133.0352,175.895°
49°25′27″N,49.42415139,2°05′29″E,2.09141095,65.916,343.366°
49°50′31″N,49.84186651,3°04′23″E,3.07313941,121.3975,25.213°
49°13′15″N,49.22083752,2°40′13″E,2.67020107,46.6766,29.663°
48°10′34″N,48.1761376,1°48′21″E,1.80577877,85.728,208.215°
49°51′45″N,49.86252009,3°09′04″E,3.15105452,125.9614,27.047°
49°09′44″N,49.1621764,0°21′45″E,0.36239502,149.0927,283.926°
48°59′49″N,48.99706936,3°57′37″E,3.96037657,118.5524,81.822°
47°47′20″N,47.78891284,3°10′37″E,3.17689396,133.5008,152.507°
48°28′28″N,48.47457489,1°11′38″E,1.19385232,95.1119,243.9°
47°58′57″N,47.98245493,0°49′48″E,0.83008186,148.5831,229.701°
48°59′40″N,48.99455251,0°23′09″E,0.38569698,144.5261,276.834°
48°19′35″N,48.32651161,4°11′20″E,4.18900469,147.4259,112.883°
47°58′05″N,47.96800032,3°20′43″E,3.34527524,123.0583,143.06°
49°19′36″N,49.32658927,0°53′56″E,0.89875851,118.0651,296.827°
49°22′45″N,49.37905242,3°32′14″E,3.5372157,104.0094,55.589°
47°50′40″N,47.8443461,1°11′07″E,1.18521543,141.8339,217.895°
49°09′59″N,49.16634615,4°17′47″E,4.29642733,145.9571,75.616°
49°44′36″N,49.74336533,1°05′54″E,1.09844367,134.1508,317.798°
48°11′52″N,48.19787866,3°08′34″E,3.14265543,93.585,141.23°
49°47′54″N,49.79841834,1°23′35″E,1.39298998,125.7288,326.787°
47°54′11″N,47.90291873,1°00′48″E,1.01326813,145.0349,223.502°
48°55′35″N,48.9263532,0°37′36″E,0.62666609,126.4251,274.167°
48°24′57″N,48.41590609,0°56′18″E,0.93828052,114.9056,245.281°
49°55′21″N,49.92248353,3°17′42″E,3.29486421,136.79,29.57°
48°01′28″N,48.02457949,3°40′15″E,3.67074914,134.2713,133.073°
48°55′46″N,48.92948414,2°01′44″E,2.02890785,24.9938,289.044°
49°12′11″N,49.20301483,0°49′40″E,0.82776869,117.6588,289.689°
49°45′41″N,49.76141367,1°29′02″E,1.48393972,118.7101,328.296°
48°44′47″N,48.74639997,0°59′13″E,0.98704058,100.7621,263.526°
49°15′59″N,49.26665355,1°10′06″E,1.16820408,97.6013,298.304°
48°25′03″N,48.41740298,2°55′55″E,2.93181488,64.8173,138.692°
49°43′09″N,49.71916614,1°40′40″E,1.67770726,107.6967,333.231°
49°11′48″N,49.19664763,0°54′48″E,0.91323867,111.5526,290.36°
49°19′13″N,49.32023519,2°48′17″E,2.804794,61.2035,32.419°
49°12′23″N,49.20642488,1°48′59″E,1.81644281,55.1399,315.082°
48°58′43″N,48.97852802,1°40′45″E,1.67921174,51.026,285.665°
47°41′21″N,47.68911074,1°38′44″E,1.64567884,139.9938,202.204°
49°03′47″N,49.06310654,2°13′20″E,2.22223015,24.852,337.592°
48°27′05″N,48.45143144,2°44′01″E,2.73374943,53.0743,147.973°
50°01′09″N,50.01912582,2°37′21″E,2.62253385,130.7714,8.496°
48°52′54″N,48.88171874,0°32′06″E,0.53512781,132.9693,271.888°
49°23′21″N,49.38924766,4°06′18″E,4.10494657,140.6613,64.431°
48°37′02″N,48.61721246,4°05′09″E,4.085928,129.9318,101.173°
48°12′25″N,48.20687386,3°34′49″E,3.58025243,115.7727,128.163°
48°27′30″N,48.45822338,0°56′20″E,0.93890551,112.8958,247.422°
48°17′31″N,48.29204299,0°51′38″E,0.86043181,126.4716,240.792°
48°47′14″N,48.78718413,2°15′24″E,2.25662185,10.4235,222.231°
48°12′03″N,48.20090495,4°03′19″E,4.05523266,145.0975,119.534°
48°31′18″N,48.52152842,1°15′42″E,1.26175354,88.3164,245.449°
48°38′01″N,48.63374095,0°24′34″E,0.40949263,144.6229,260.862°
49°27′42″N,49.46161933,1°47′49″E,1.79688011,78.485,329.234°
47°42′20″N,47.705571,2°52′07″E,2.86850544,133.607,163.187°
49°04′59″N,49.08293544,0°48′35″E,0.80980247,115.397,283.181°
48°42′08″N,48.70220202,3°37′35″E,3.62625078,94.9433,99.942°
48°44′15″N,48.73745944,2°02′56″E,2.04898652,25.87,239.297°
48°31′13″N,48.52020217,1°29′29″E,1.49126804,73.4599,239.703°
49°59′23″N,49.98983674,1°43′55″E,1.73208196,133.7901,340.641°
49°40′02″N,49.66709325,2°04′42″E,2.07838417,92.3118,347.669°
49°50′30″N,49.84152984,2°02′50″E,2.04718218,111.7557,348.709°
50°10′59″N,50.18320724,2°06′59″E,2.11641637,148.531,353.507°
47°59′47″N,47.99627501,3°17′44″E,3.29544642,118.3346,143.61°
48°04′06″N,48.06844758,1°55′15″E,1.92077059,93.2613,200.112°
49°08′35″N,49.14292448,0°33′17″E,0.5547222,134.9728,284.324°
47°44′21″N,47.7392601,2°36′00″E,2.60006941,125.6248,171.513°
49°05′40″N,49.09442199,4°11′04″E,4.18441948,136.3495,78.124°
49°35′46″N,49.59604785,3°22′56″E,3.38214781,111.1783,41.902°
49°59′05″N,49.98479085,2°54′32″E,2.90895872,131.7888,17.586°
48°19′53″N,48.33125116,2°13′35″E,2.22634225,59.1633,189.052°
49°17′27″N,49.29094835,3°47′41″E,3.79468334,115.6702,64.771°
47°40′56″N,47.68224509,3°02′59″E,3.04979731,140.4583,158.166°
48°17′02″N,48.28380143,1°48′07″E,1.8019691,75.493,212.648°
49°36′13″N,49.60355455,0°56′49″E,0.94695628,131.6026,309.675°
47°50′09″N,47.83594962,1°54′13″E,1.90374203,118.2661,196.448°
48°47′27″N,48.79091317,3°03′33″E,3.0591106,52.2777,97.769°
49°05′42″N,49.09487324,2°35′32″E,2.59219541,31.7683,33.378°
49°27′11″N,49.45308013,2°38′31″E,2.64203318,69.6117,17.519°
48°35′31″N,48.59193598,1°53′23″E,1.88981416,44.9201,229.227°
49°35′03″N,49.58423469,3°31′07″E,3.51859083,117.1706,45.875°
48°41′05″N,48.68482727,1°47′59″E,1.79980607,44.7768,244.948°
48°04′50″N,48.08068163,2°17′49″E,2.29689297,86.4005,182.728°
49°05′57″N,49.09915606,1°46′46″E,1.77931806,49.7693,303.038°
48°11′40″N,48.19439485,2°54′09″E,2.90251516,84.0735,150.967°
48°05′52″N,48.09782242,2°31′46″E,2.52937025,85.4023,171.136°
48°01′23″N,48.0230904,3°45′19″E,3.75530217,138.9694,131.317°
48°28′43″N,48.47862562,2°36′24″E,2.60664385,46.0089,155.938°
48°28′57″N,48.48240933,1°47′35″E,1.79313929,58.4704,224.826°
49°38′30″N,49.64176409,3°18′46″E,3.31279391,111.7586,38.248°
49°09′42″N,49.16160739,2°47′01″E,2.7836712,46.2775,42.696°
49°54′16″N,49.9045169,2°48′03″E,2.80076541,120.9947,15.401°
47°50′55″N,47.84858255,3°16′14″E,3.27042519,131.0586,148.468°
49°53′20″N,49.88875856,2°00′18″E,2.00491241,117.5245,347.773°
48°42′00″N,48.69991924,2°05′10″E,2.08609696,26.1577,228.319°
49°37′42″N,49.62835359,4°02′15″E,4.03751217,149.4745,54.317°
48°53′37″N,48.89367097,4°09′49″E,4.16347797,132.5612,87.536°
49°42′38″N,49.71048108,3°15′15″E,3.25409902,115.3305,34.226°
48°19′30″N,48.32494453,0°55′36″E,0.92671668,120.3934,241.118°
48°13′38″N,48.22731944,3°23′33″E,3.39263411,103.7726,132.023°
49°52′46″N,49.87956458,1°06′45″E,1.11248562,144.9394,322.188°
47°49′13″N,47.82018267,2°29′57″E,2.49920409,115.7894,174.56°
48°44′34″N,48.74282441,2°13′23″E,2.22308207,15.8019,216.829°
48°52′03″N,48.86763132,3°29′30″E,3.49174856,83.3906,88.729°
48°32′12″N,48.536608,2°29′27″E,2.49076302,37.0177,164°
48°42′07″N,48.70187734,1°21′50″E,1.36381057,74.4603,257.008°
48°14′41″N,48.24474454,2°26′53″E,2.44798305,68.4202,174.049°
48°34′53″N,48.58134925,1°12′29″E,1.20800047,89.3718,250.397°
49°04′04″N,49.06775919,0°41′49″E,0.69686047,123.1425,281.618°
48°33′25″N,48.55704409,0°27′41″E,0.46149309,142.7184,257.211°
49°29′37″N,49.49364467,2°39′05″E,2.65128509,74.1164,16.949°
49°13′49″N,49.23036256,3°17′01″E,3.28353272,79.6134,58.172°
49°38′30″N,49.64170444,3°22′45″E,3.37912538,114.8204,40.104°
48°38′23″N,48.63985963,0°58′02″E,0.96711175,104.4029,257.17°
48°57′59″N,48.96635509,1°20′10″E,1.33607839,75.2763,279.714°
47°59′31″N,47.9918905,2°36′26″E,2.60722241,98.0042,168.832°
47°45′35″N,47.75959866,3°21′36″E,3.35990902,142.9848,148.199°
48°58′20″N,48.97210213,2°39′34″E,2.65942335,25.8697,60.113°
49°25′35″N,49.42631515,1°37′45″E,1.62907257,82.364,320.567°
47°49′11″N,47.81974712,1°34′32″E,1.57567812,128.8264,206.757°
48°16′59″N,48.28316684,2°26′30″E,2.4415289,64.1202,174.083°
49°58′37″N,49.97687755,1°29′05″E,1.48478629,139.5162,333.593°
49°16′38″N,49.27721129,3°22′31″E,3.37526597,88.0132,57.506°
48°27′10″N,48.45288699,0°39′52″E,0.66448183,131.884,250.729°
49°05′38″N,49.09397663,0°37′34″E,0.6262319,128.7426,282.483°
49°43′22″N,49.72280751,1°29′25″E,1.49025535,114.8559,327.34°
48°32′35″N,48.54308041,0°48′20″E,0.80544074,118.7808,253.509°
49°08′17″N,49.13791752,1°41′58″E,1.69941129,56.9946,303.542°
48°41′37″N,48.6934885,0°58′34″E,0.97601313,102.4933,260.322°
49°44′48″N,49.74656727,1°27′20″E,1.45542891,118.4413,327.031°
49°18′17″N,49.30473504,1°37′45″E,1.62928244,72.5131,313.694°
50°01′49″N,50.0302708,2°19′56″E,2.3321685,130.5495,359.371°
47°41′51″N,47.69751798,2°21′21″E,2.35572584,128.9222,179.883°
50°00′53″N,50.01461267,1°35′26″E,1.59064964,140.0829,337.133°
47°37′41″N,47.62804107,2°20′25″E,2.34023519,136.6525,180.377°
49°23′37″N,49.39351174,1°59′14″E,1.98727953,65.3584,336.157°
48°18′18″N,48.30489953,2°34′06″E,2.56834707,63.3923,165.39°
47°59′11″N,47.98647744,3°27′51″E,3.46407806,126.8926,139.285°
49°51′11″N,49.85302184,2°57′53″E,2.96469122,119.3788,21.588°
48°51′49″N,48.86365602,1°32′26″E,1.54051919,59.4018,271.061°
